{
  "tabBar": {
    "color": "#646566",
    "selectedColor": "#1552f0",
    "borderStyle": "black",
    "backgroundColor": "#FFFFFF",
    "list": [{
      "pagePath": "pages/main/home",
      "iconPath": "static/tabbar/tabbarHome.png",
      "selectedIconPath": "static/tabbar/tabbarHomeActive.png",
      "text": "%tabbar.home%"
    }, {
      "pagePath": "pages/main/product",
      "iconPath": "static/tabbar/tabbarProduct.png",
      "selectedIconPath": "static/tabbar/tabbarProductActive.png",
      "text": "%tabbar.product%"
    }, {
      "pagePath": "pages/main/order",
      "iconPath": "static/tabbar/tabbarOrder.png",
      "selectedIconPath": "static/tabbar/tabbarOrderActive.png",
      "text": "%tabbar.order%"
    }, 
	{
	  "pagePath": "pages/mine/message",
	  "iconPath": "static/tabbar/mess.png",
	  "selectedIconPath": "static/tabbar/messover.png",
	  "text": "%tabbar.information%"
	},
	{
      "pagePath": "pages/main/mine",
      "iconPath": "static/tabbar/tabbarMine.png",
      "selectedIconPath": "static/tabbar/tabbarMineActive.png",
      "text": "%tabbar.mine%"
    }]
  },
  "pages": [ //pages数组中第一项表示应用启动页，参考：https://uniapp.dcloud.io/collocation/pages
    {
		"path" : "pages/main/home",
		"style" :                                                                                    
		{
			"navigationBarTitleText": "%tabbar.home%",
			"enablePullDownRefresh": false,
			"navigationStyle": "custom"
		}
    },
	{
		"path" : "pages/main/product",
		"style" :                                                                                    
		{
			"navigationBarTitleText": "%tabbar.product%",
			"enablePullDownRefresh": false,
			"navigationStyle": "custom"
		}
	},
	{
	  "path" : "pages/main/order",
	  "style" :                                                                                    
	  {
		  "navigationBarTitleText": "%tabbar.order%",
		  "enablePullDownRefresh": false,
		  "navigationStyle": "custom"
	  }
	},
	{
	  "path" : "pages/main/mine",
	  "style" :                                                                                    
	  {
		  "navigationBarTitleText": "%tabbar.mine%",
		  "enablePullDownRefresh": false,
		  "navigationStyle": "custom"
	  }
	},
	{
	  "path" : "pages/webView/webView",
	  "style" :                                                                                    
	  {
		  "navigationBarTitleText": ""
	  }
	},
    {
    	"path" : "pages/login/index",
    	"style" : 
    	{
    		"navigationBarTitleText" : "%pages.login%",
    		"enablePullDownRefresh" : false,
			"navigationStyle": "custom",
			"navigationBarTextStyle": "black",
			"backgroundColor": "#1e1e1e"
    	}
    },
	{
		"path" : "pages/product/detail",
		"style" : 
		{
			"navigationBarTitleText" : "%pages.detail%",
			"enablePullDownRefresh" : false
		}
	},
	{
		"path" : "pages/product/edit",
		"style" : 
		{
			"navigationBarTitleText" : "%pages.edit%",
			"enablePullDownRefresh" : false
		}
	},
	{
		"path" : "pages/product/list",
		"style" : 
		{
			"navigationBarTitleText" : "%pages.list%",
			"enablePullDownRefresh" : false,
			"app-plus": {
				"titleNView": {
					"buttons": [{
						"text": "\ue60f",
						"fontSrc": "/static/font/iconfont.ttf",
						"fontSize": "20px",
						"float": "right"
					}]
				}
			}
		}
	},
	{
		"path" : "pages/product/class",
		"style" : 
		{
			"navigationBarTitleText" : "%pages.class%",
			"enablePullDownRefresh" : false,
			"navigationBarTextStyle": "black"
		}
	},
	{
		"path" : "pages/product/comment",
		"style" : 
		{
			"navigationBarTitleText" : "%pages.comment%",
			"enablePullDownRefresh" : false
		}
	},
	{
		"path" : "pages/order/create",
		"style" : 
		{
			"navigationBarTitleText" : "%pages.create%",
			"enablePullDownRefresh" : false
		}
	},
	{
		"path" : "pages/order/detail",
		"style" : 
		{
			"navigationBarTitleText" : "%pages.detail%",
			"enablePullDownRefresh" : false
		}
	},
	{
		"path" : "pages/order/logistics",
		"style" : 
		{
			"navigationBarTitleText" : "%pages.logistics%",
			"enablePullDownRefresh" : false
		}
	},
	{
		"path" : "pages/order/passsuess",
		"style" : 
		{
			"navigationBarTitleText" : "%pages.passsuess%",
			"enablePullDownRefresh" : false
		}
	},
	{
		"path" : "pages/mine/withdraw",
		"style" : 
		{
			"navigationBarTitleText" : "%pages.withdraw%",
			"enablePullDownRefresh" : false,
			"navigationBarTextStyle": "black",
			"backgroundColor": "#FFFFFF",
			"app-plus": {
				"titleNView": {
					"buttons": [{
						"text": "%pages.withdrawRecord%",
						"fontSize": "14px",
						"float": "right",
						"color":"#666666",
						"width":"70px"
					}]
				}
			}
		}
	},
	{
		"path" : "pages/mine/withdrawRecord",
		"style" : 
		{
			"navigationBarTitleText" : "%pages.withdrawRecord%",
			"enablePullDownRefresh" : false,
			"navigationBarTextStyle": "black",
			"backgroundColor": "#FFFFFF"
		}
	},
	{
		"path" : "pages/mine/withdrawDetail",
		"style" : 
		{
			"navigationBarTitleText" : "%pages.withdrawDetail%",
			"enablePullDownRefresh" : false,
			"navigationBarTextStyle": "black",
			"backgroundColor": "#FFFFFF"
		}
	},
	{
		"path" : "pages/mine/rechargeList",
		"style" : 
		{
			"navigationBarTitleText" : "%pages.recharge%",
			"enablePullDownRefresh" : false,
			"navigationBarTextStyle": "black",
			"backgroundColor": "#FFFFFF",
			"app-plus": {
				"titleNView": {
					"buttons": [{
						"text": "%pages.rechargeRecord%",
						"fontSize": "14px",
						"float": "right",
						"color":"#666666",
						"width":"70px"
					}]
				}
			}
		}
	},
	{
		"path" : "pages/mine/rechargeRecord",
		"style" : 
		{
			"navigationBarTitleText" : "%pages.rechargeRecord%",
			"enablePullDownRefresh" : false,
			"navigationBarTextStyle": "black",
			"backgroundColor": "#FFFFFF"
		}
	},
	{
		"path" : "pages/mine/rechargeDetail",
		"style" : 
		{
			"navigationBarTitleText" : "%pages.rechargeDetail%",
			"enablePullDownRefresh" : false,
			"navigationBarTextStyle": "black",
			"backgroundColor": "#FFFFFF"
		}
	},
	{
		"path" : "pages/mine/recharge",
		"style" : 
		{
			"navigationBarTitleText" : "%pages.recharge%",
			"enablePullDownRefresh" : false,
			"navigationBarTextStyle": "black",
			"backgroundColor": "#FFFFFF",
			"app-plus": {
				"titleNView": {
					"buttons": [{
						"text": "%pages.rechargeRecord%",
						"fontSize": "14px",
						"float": "right",
						"color":"#666666",
						"width":"70px"
					}]
				}
			}
		}
	},
	{
		"path" : "pages/mine/personalInfo",
		"style" : 
		{
			"navigationBarTitleText" : "%pages.personalInfo%",
			"enablePullDownRefresh" : false,
			"navigationBarTextStyle": "black"
		}
	},
	{
		"path" : "pages/mine/avatar",
		"style" : 
		{
			"navigationBarTitleText" : "%pages.avatar%",
			"enablePullDownRefresh" : false,
			"navigationBarTextStyle": "black",
			"backgroundColor": "#FFFFFF"
		}
	},
	{
		"path" : "pages/mine/auth",
		"style" : 
		{
			"navigationBarTitleText" : "%pages.auth%",
			"enablePullDownRefresh" : false,
			"navigationBarTextStyle": "black"
		}
	},
	{
		"path" : "pages/mine/verify",
		"style" : 
		{
			"navigationBarTitleText" : "%pages.verify%",
			"enablePullDownRefresh" : false,
			"navigationBarTextStyle": "black",
			"backgroundColor": "#FFFFFF"
			
		}
	},
	{
		"path" : "pages/mine/bindVerify",
		"style" : 
		{
			"navigationBarTitleText" : "%pages.bindVerify%",
			"enablePullDownRefresh" : false,
			"navigationBarTextStyle": "black",
			"backgroundColor": "#FFFFFF"
			
		}
	},
	{
		"path" : "pages/mine/password",
		"style" : 
		{
			"navigationBarTitleText" : "%pages.password%",
			"enablePullDownRefresh" : false,
			"navigationBarTextStyle": "black",
			"backgroundColor": "#FFFFFF"
		}
	},
	{
		"path" : "pages/mine/language",
		"style" : 
		{
			"navigationBarTitleText" : "%pages.language%",
			"enablePullDownRefresh" : false,
			"navigationBarTextStyle": "black",
			"backgroundColor": "#FFFFFF"
		}
	},
	{
		"path" : "pages/mine/refundRequest",
		"style" : 
		{
			"navigationBarTitleText" : "%pages.refundRequest%",
			"enablePullDownRefresh" : false,
			"navigationBarTextStyle": "black"
		}
	},
	
	{
		"path" : "pages/mine/refundDetail",
		"style" : 
		{
			"navigationBarTitleText" : "%pages.refundDetail%",
			"enablePullDownRefresh" : false,
			"navigationBarTextStyle": "black"
		}
	},
	{
		"path" : "pages/mine/fundsRecord",
		"style" : 
		{
			"navigationBarTitleText" : "%pages.fundsRecord%",
			"enablePullDownRefresh" : false,
			"navigationBarTextStyle": "black",
			"backgroundColor": "#FFFFFF",
			"app-plus": {
				"titleNView": {
					"buttons": [{
						"text": "\ue652",
						"fontSrc": "/static/font/iconfont.ttf",
						"fontSize": "18px",
						"float": "right"
					}]
				}
			}
		}
	},
	{
		"path" : "pages/mine/finance",
		"style" : 
		{
			"navigationBarTitleText" : "%pages.finance%",
			"enablePullDownRefresh" : false,
			"navigationBarTextStyle": "black",
			"app-plus": {
				"titleNView": {
					"buttons": [{
						"text": "\ue652",
						"fontSrc": "/static/font/iconfont.ttf",
						"fontSize": "18px",
						"float": "right"
					}]
				}
			}
		}
	},
	/*{
		"path" : "pages/mine/promotion",
		"style" : 
		{
			"navigationBarTitleText" : "%pages.promotion%",
			"enablePullDownRefresh" : false,
			"navigationBarTextStyle": "black"
		}
	},
	*/
	{
		"path" : "pages/mine/setting",
		"style" : 
		{
			"navigationBarTitleText" : "%pages.setting%",
			"enablePullDownRefresh" : false,
			"navigationBarTextStyle": "black"
		}
	},
	{
		"path" : "pages/mine/message",
		"style" : 
		{
			"navigationBarTitleText" : "%pages.message%",
			"enablePullDownRefresh" : false,
			"navigationBarTextStyle": "black"
		}
	},
	{
		"path" : "pages/mine/messageCenter",
		"style" : 
		{
			"navigationBarTitleText" : "%pages.messageCenter%",
			"enablePullDownRefresh" : false,
			"navigationBarTextStyle": "black"
		}
	},
	{
		"path" : "pages/mine/messageDetail",
		"style" : 
		{
			"navigationBarTitleText" : "%pages.messageDetail%",
			"enablePullDownRefresh" : false,
			"navigationBarTextStyle": "black",
			"backgroundColor": "#FFFFFF"
		}
	},
	{
		"path" : "pages/mine/marketing",
		"style" : 
		{
			"navigationBarTitleText" : "%pages.marketing%",
			"enablePullDownRefresh" : false,
			"navigationBarTextStyle": "black",
			"app-plus": {
				"titleNView": {
					"buttons": [{
						"text": "%pages.marketingRecord%",
						"fontSize": "14px",
						"float": "right",
						"color":"#666666",
						"width":"70px"
					}]
				}
			}
		}
	},
	{
		"path" : "pages/mine/marketingRecord",
		"style" : 
		{
			"navigationBarTitleText" : "%pages.marketingRecord%",
			"enablePullDownRefresh" : false,
			"navigationBarTextStyle": "black"
		}
	},
	{
		"path" : "pages/mine/settingShop",
		"style" : 
		{
			"navigationBarTitleText" : "%pages.settingShop%",
			"enablePullDownRefresh" : false,
			"navigationBarTextStyle": "black"
		}
	},
	{
		"path" : "pages/mine/shopInfo",
		"style" : 
		{
			"navigationBarTitleText" : "%pages.shopInfo%",
			"enablePullDownRefresh" : false,
			"navigationBarTextStyle": "black"
		}
	},
	{
		"path" : "pages/mine/shopSocial",
		"style" : 
		{
			"navigationBarTitleText" : "%pages.shopSocial%",
			"enablePullDownRefresh" : false,
			"navigationBarTextStyle": "black"
		}
	},
	{
		"path" : "pages/mine/shopBanner",
		"style" : 
		{
			"navigationBarTitleText" : "%pages.shopBanner%",
			"enablePullDownRefresh" : false,
			"navigationBarTextStyle": "black"
		}
	},
	{
		"path" : "pages/mine/sellerLevel",
		"style" : 
		{
			"navigationBarTitleText" : "%pages.sellerLevel%",
			"enablePullDownRefresh" : false,
			"navigationBarTextStyle": "black"
		}
	},
	{
		"path" : "pages/search/order",
		"style" : 
		{
			"navigationBarTitleText" : "",
			"enablePullDownRefresh" : false,
			"navigationBarTextStyle": "black",
			"navigationStyle": "custom"
		}
	},
	{
		"path" : "pages/search/product",
		"style" : 
		{
			"navigationBarTitleText" : "",
			"enablePullDownRefresh" : false,
			"navigationBarTextStyle": "black",
			"navigationStyle": "custom"
		}
	},
	{
		"path" : "pages/customerService/index",
		"style" : 
		{
			"navigationBarTitleText" : "%pages.service%",
			"enablePullDownRefresh" : false,
			"navigationBarTextStyle": "black"
		}
	},
	{
		"path" : "pages/chat/index",
		"style" : 
		{
			"navigationBarTitleText" : "",
			"enablePullDownRefresh" : false,
			"navigationBarTextStyle": "black"
		}
	},
	{
		"path" : "pages/mine/invite",
		"style" : 
		{
			"navigationBarTitleText" : "",
			"enablePullDownRefresh" : false,
			"navigationBarTextStyle": "black",
			"navigationStyle": "custom"
		}
	}
  ],
  "globalStyle": {
    // #ifdef H5
    // "navigationStyle": "custom",
    "maxWidth": 750,
    "rpxCalcMaxDeviceWidth": 750, // rpx 计算所支持的最大设备宽度，单位 px，默认值为 960
    "rpxCalcBaseDeviceWidth": 560, // rpx 计算使用的基准设备宽度，设备实际宽度超出 rpx 计算所支持的最大设备宽度时将按基准宽度计算，单位 px，默认值为 375
    "rpxCalcIncludeWidth": 9999, // rpx 计算特殊处理的值，始终按实际的设备宽度计算，单位 rpx，默认值为 750
    // #endif
    "navigationBarBackgroundColor": "#FFFFFF",
    "navigationBarTitleText": "",
    "navigationBarTextStyle": "black",
    "backgroundTextStyle": "light",
	"backgroundColor": "#EFF2F6"
  },
  "easycom": {
    "autoscan": true,
    "custom": {
      "^u-(.*)": "@/uview-ui/components/u-$1/u-$1.vue"
    }
  }
}
